{"is_source_file": true, "format": "Python", "description": "This file defines several Pydantic data models used for API responses and inputs in a recipe management backend, specifically models related to categories, recipes, and user favorites.", "external_files": ["pydantic"], "external_methods": [], "published": ["CategoryOut", "RecipeListOut", "RecipeDetailOut", "FavoriteCreateIn", "FavoriteOut"], "classes": [{"name": "CategoryOut", "description": "Model representing category response data with ID and name."}, {"name": "RecipeListOut", "description": "Model for short recipe list items for display purposes."}, {"name": "RecipeDetailOut", "description": "Model for detailed recipe information including ingredients and instructions."}, {"name": "FavoriteCreateIn", "description": "Input model for adding a recipe to favorites with user and recipe IDs."}, {"name": "FavoriteOut", "description": "Model for representing a favorite record with associated details."}], "methods": [], "calls": [], "search-terms": ["pydantic", "schemas", "CategoryOut", "RecipeListOut", "RecipeDetailOut", "FavoriteCreateIn", "FavoriteOut"], "state": 2, "file_id": 7, "knowledge_revision": 15, "git_revision": "", "ctags": [{"_type": "tag", "name": "CategoryOut", "path": "/home/kavia/workspace/code-generation/recipe-explorer-219505-219515/recipe_backend/src/schemas.py", "pattern": "/^class CategoryOut(BaseModel):$/", "language": "Python", "kind": "class"}, {"_type": "tag", "name": "Config", "path": "/home/kavia/workspace/code-generation/recipe-explorer-219505-219515/recipe_backend/src/schemas.py", "pattern": "/^    class Config:$/", "language": "Python", "kind": "class", "scope": "CategoryOut", "scopeKind": "class"}, {"_type": "tag", "name": "FavoriteCreateIn", "path": "/home/kavia/workspace/code-generation/recipe-explorer-219505-219515/recipe_backend/src/schemas.py", "pattern": "/^class FavoriteCreateIn(BaseModel):$/", "language": "Python", "kind": "class"}, {"_type": "tag", "name": "FavoriteOut", "path": "/home/kavia/workspace/code-generation/recipe-explorer-219505-219515/recipe_backend/src/schemas.py", "pattern": "/^class FavoriteOut(BaseModel):$/", "language": "Python", "kind": "class"}, {"_type": "tag", "name": "RecipeDetailOut", "path": "/home/kavia/workspace/code-generation/recipe-explorer-219505-219515/recipe_backend/src/schemas.py", "pattern": "/^class RecipeDetailOut(BaseModel):$/", "language": "Python", "kind": "class"}, {"_type": "tag", "name": "RecipeListOut", "path": "/home/kavia/workspace/code-generation/recipe-explorer-219505-219515/recipe_backend/src/schemas.py", "pattern": "/^class RecipeListOut(BaseModel):$/", "language": "Python", "kind": "class"}, {"_type": "tag", "name": "category_id", "path": "/home/kavia/workspace/code-generation/recipe-explorer-219505-219515/recipe_backend/src/schemas.py", "pattern": "/^    category_id: int = Field(..., description=\"Category ID\")$/", "language": "Python", "typeref": "typename:int", "kind": "variable", "scope": "RecipeDetailOut", "scopeKind": "class"}, {"_type": "tag", "name": "category_id", "path": "/home/kavia/workspace/code-generation/recipe-explorer-219505-219515/recipe_backend/src/schemas.py", "pattern": "/^    category_id: int = Field(..., description=\"Category ID\")$/", "language": "Python", "typeref": "typename:int", "kind": "variable", "scope": "RecipeListOut", "scopeKind": "class"}, {"_type": "tag", "name": "category_name", "path": "/home/kavia/workspace/code-generation/recipe-explorer-219505-219515/recipe_backend/src/schemas.py", "pattern": "/^    category_name: str = Field(..., description=\"Category name\")$/", "language": "Python", "typeref": "typename:str", "kind": "variable", "scope": "RecipeDetailOut", "scopeKind": "class"}, {"_type": "tag", "name": "description", "path": "/home/kavia/workspace/code-generation/recipe-explorer-219505-219515/recipe_backend/src/schemas.py", "pattern": "/^    description: str = Field(..., description=\"Short description\")$/", "language": "Python", "typeref": "typename:str", "kind": "variable", "scope": "RecipeDetailOut", "scopeKind": "class"}, {"_type": "tag", "name": "description", "path": "/home/kavia/workspace/code-generation/recipe-explorer-219505-219515/recipe_backend/src/schemas.py", "pattern": "/^    description: str = Field(..., description=\"Short description\")$/", "language": "Python", "typeref": "typename:str", "kind": "variable", "scope": "RecipeListOut", "scopeKind": "class"}, {"_type": "tag", "name": "from_attributes", "path": "/home/kavia/workspace/code-generation/recipe-explorer-219505-219515/recipe_backend/src/schemas.py", "pattern": "/^        from_attributes = True$/", "language": "Python", "kind": "variable", "scope": "CategoryOut.Config", "scopeKind": "class"}, {"_type": "tag", "name": "id", "path": "/home/kavia/workspace/code-generation/recipe-explorer-219505-219515/recipe_backend/src/schemas.py", "pattern": "/^    id: int = Field(..., description=\"Category ID\")$/", "language": "Python", "typeref": "typename:int", "kind": "variable", "scope": "CategoryOut", "scopeKind": "class"}, {"_type": "tag", "name": "id", "path": "/home/kavia/workspace/code-generation/recipe-explorer-219505-219515/recipe_backend/src/schemas.py", "pattern": "/^    id: int = Field(..., description=\"Favorite row ID\")$/", "language": "Python", "typeref": "typename:int", "kind": "variable", "scope": "FavoriteOut", "scopeKind": "class"}, {"_type": "tag", "name": "id", "path": "/home/kavia/workspace/code-generation/recipe-explorer-219505-219515/recipe_backend/src/schemas.py", "pattern": "/^    id: int = Field(..., description=\"Recipe ID\")$/", "language": "Python", "typeref": "typename:int", "kind": "variable", "scope": "RecipeDetailOut", "scopeKind": "class"}, {"_type": "tag", "name": "id", "path": "/home/kavia/workspace/code-generation/recipe-explorer-219505-219515/recipe_backend/src/schemas.py", "pattern": "/^    id: int = Field(..., description=\"Recipe ID\")$/", "language": "Python", "typeref": "typename:int", "kind": "variable", "scope": "RecipeListOut", "scopeKind": "class"}, {"_type": "tag", "name": "image_url", "path": "/home/kavia/workspace/code-generation/recipe-explorer-219505-219515/recipe_backend/src/schemas.py", "pattern": "/^    image_url: Optional[str] = Field(None, description=\"External image URL\")$/", "language": "Python", "typeref": "typename:Optional[str]", "kind": "variable", "scope": "RecipeDetailOut", "scopeKind": "class"}, {"_type": "tag", "name": "image_url", "path": "/home/kavia/workspace/code-generation/recipe-explorer-219505-219515/recipe_backend/src/schemas.py", "pattern": "/^    image_url: Optional[str] = Field(None, description=\"External image URL\")$/", "language": "Python", "typeref": "typename:Optional[str]", "kind": "variable", "scope": "RecipeListOut", "scopeKind": "class"}, {"_type": "tag", "name": "ingredients", "path": "/home/kavia/workspace/code-generation/recipe-explorer-219505-219515/recipe_backend/src/schemas.py", "pattern": "/^    ingredients: List[str] = Field(..., description=\"Ingredient list\")$/", "language": "Python", "typeref": "typename:List[str]", "kind": "variable", "scope": "RecipeDetailOut", "scopeKind": "class"}, {"_type": "tag", "name": "instructions", "path": "/home/kavia/workspace/code-generation/recipe-explorer-219505-219515/recipe_backend/src/schemas.py", "pattern": "/^    instructions: str = Field(..., description=\"Cooking instructions\")$/", "language": "Python", "typeref": "typename:str", "kind": "variable", "scope": "RecipeDetailOut", "scopeKind": "class"}, {"_type": "tag", "name": "name", "path": "/home/kavia/workspace/code-generation/recipe-explorer-219505-219515/recipe_backend/src/schemas.py", "pattern": "/^    name: str = Field(..., description=\"Category name\")$/", "language": "Python", "typeref": "typename:str", "kind": "variable", "scope": "CategoryOut", "scopeKind": "class"}, {"_type": "tag", "name": "recipe_id", "path": "/home/kavia/workspace/code-generation/recipe-explorer-219505-219515/recipe_backend/src/schemas.py", "pattern": "/^    recipe_id: int = Field(..., description=\"Recipe ID to favorite\")$/", "language": "Python", "typeref": "typename:int", "kind": "variable", "scope": "FavoriteCreateIn", "scopeKind": "class"}, {"_type": "tag", "name": "recipe_id", "path": "/home/kavia/workspace/code-generation/recipe-explorer-219505-219515/recipe_backend/src/schemas.py", "pattern": "/^    recipe_id: int = Field(..., description=\"Recipe ID\")$/", "language": "Python", "typeref": "typename:int", "kind": "variable", "scope": "FavoriteOut", "scopeKind": "class"}, {"_type": "tag", "name": "recipe_image_url", "path": "/home/kavia/workspace/code-generation/recipe-explorer-219505-219515/recipe_backend/src/schemas.py", "pattern": "/^    recipe_image_url: Optional[str] = Field(None, description=\"Recipe image URL\")$/", "language": "Python", "typeref": "typename:Optional[str]", "kind": "variable", "scope": "FavoriteOut", "scopeKind": "class"}, {"_type": "tag", "name": "recipe_title", "path": "/home/kavia/workspace/code-generation/recipe-explorer-219505-219515/recipe_backend/src/schemas.py", "pattern": "/^    recipe_title: str = Field(..., description=\"Recipe title\")$/", "language": "Python", "typeref": "typename:str", "kind": "variable", "scope": "FavoriteOut", "scopeKind": "class"}, {"_type": "tag", "name": "title", "path": "/home/kavia/workspace/code-generation/recipe-explorer-219505-219515/recipe_backend/src/schemas.py", "pattern": "/^    title: str = Field(..., description=\"Recipe title\")$/", "language": "Python", "typeref": "typename:str", "kind": "variable", "scope": "RecipeDetailOut", "scopeKind": "class"}, {"_type": "tag", "name": "title", "path": "/home/kavia/workspace/code-generation/recipe-explorer-219505-219515/recipe_backend/src/schemas.py", "pattern": "/^    title: str = Field(..., description=\"Recipe title\")$/", "language": "Python", "typeref": "typename:str", "kind": "variable", "scope": "RecipeListOut", "scopeKind": "class"}, {"_type": "tag", "name": "user_id", "path": "/home/kavia/workspace/code-generation/recipe-explorer-219505-219515/recipe_backend/src/schemas.py", "pattern": "/^    user_id: int = Field(..., description=\"User ID (demo user_id=1 is supported)\")$/", "language": "Python", "typeref": "typename:int", "kind": "variable", "scope": "FavoriteCreateIn", "scopeKind": "class"}, {"_type": "tag", "name": "user_id", "path": "/home/kavia/workspace/code-generation/recipe-explorer-219505-219515/recipe_backend/src/schemas.py", "pattern": "/^    user_id: int = Field(..., description=\"User ID\")$/", "language": "Python", "typeref": "typename:int", "kind": "variable", "scope": "FavoriteOut", "scopeKind": "class"}], "hash": "9000f78da1e9a4820a2184c727824588", "format-version": 4, "code-base-name": "recipe_backend", "filename": "recipe_backend/src/schemas.py", "fields": [{"name": "int category_id", "scope": "RecipeDetailOut", "scopeKind": "class", "description": "unavailable"}, {"name": "str category_name", "scope": "RecipeDetailOut", "scopeKind": "class", "description": "unavailable"}, {"name": "str description", "scope": "RecipeDetailOut", "scopeKind": "class", "description": "unavailable"}, {"name": "from_attributes = True", "scope": "CategoryOut.Config", "scopeKind": "class", "description": "unavailable"}, {"name": "int id", "scope": "CategoryOut", "scopeKind": "class", "description": "unavailable"}, {"name": "Optional[str] image_url", "scope": "RecipeDetailOut", "scopeKind": "class", "description": "unavailable"}, {"name": "List[str] ingredients", "scope": "RecipeDetailOut", "scopeKind": "class", "description": "unavailable"}, {"name": "str instructions", "scope": "RecipeDetailOut", "scopeKind": "class", "description": "unavailable"}, {"name": "str name", "scope": "CategoryOut", "scopeKind": "class", "description": "unavailable"}, {"name": "int recipe_id", "scope": "FavoriteCreateIn", "scopeKind": "class", "description": "unavailable"}, {"name": "Optional[str] recipe_image_url", "scope": "FavoriteOut", "scopeKind": "class", "description": "unavailable"}, {"name": "str recipe_title", "scope": "FavoriteOut", "scopeKind": "class", "description": "unavailable"}, {"name": "str title", "scope": "RecipeDetailOut", "scopeKind": "class", "description": "unavailable"}, {"name": "int user_id", "scope": "FavoriteCreateIn", "scopeKind": "class", "description": "unavailable"}], "revision_history": [{"15": ""}]}