{"is_source_file": true, "format": "Python", "description": "This is a database configuration module that sets up a SQLAlchemy engine and session for PostgreSQL, with environment variable-based configuration and a context manager for session handling.", "external_files": ["os", "sqlalchemy"], "external_methods": ["os.getenv", "create_engine", "sessionmaker", "declarative_base"], "published": ["DATABASE_URL", "engine", "SessionLocal", "Base", "get_db_session"], "classes": [], "methods": [{"name": "str _build_database_url()", "description": "Constructs the PostgreSQL database URL from environment variables, with defaults and overrides.", "scope": "", "scopeKind": ""}, {"name": "get_db_session()", "description": "Context manager that yields a SQLAlchemy session and ensures it is properly closed after use.", "scope": "", "scopeKind": ""}], "calls": ["os.getenv", "create_engine", "sessionmaker", "declarative_base"], "search-terms": ["PostgreSQL setup", "SQLAlchemy session", "environment variable configuration", "database URL construction", "context manager for DB session"], "state": 2, "file_id": 5, "knowledge_revision": 11, "git_revision": "", "ctags": [{"_type": "tag", "name": "Base", "path": "/home/kavia/workspace/code-generation/recipe-explorer-219505-219515/recipe_backend/src/db.py", "pattern": "/^Base = declarative_base()$/", "language": "Python", "kind": "variable"}, {"_type": "tag", "name": "DATABASE_URL", "path": "/home/kavia/workspace/code-generation/recipe-explorer-219505-219515/recipe_backend/src/db.py", "pattern": "/^DATABASE_URL = _build_database_url()$/", "language": "Python", "kind": "variable"}, {"_type": "tag", "name": "SessionLocal", "path": "/home/kavia/workspace/code-generation/recipe-explorer-219505-219515/recipe_backend/src/db.py", "pattern": "/^SessionLocal = sessionmaker(autocommit=False, autoflush=False, bind=engine)$/", "language": "Python", "kind": "variable"}, {"_type": "tag", "name": "_build_database_url", "path": "/home/kavia/workspace/code-generation/recipe-explorer-219505-219515/recipe_backend/src/db.py", "pattern": "/^def _build_database_url() -> str:$/", "language": "Python", "typeref": "typename:str", "kind": "function", "signature": "()"}, {"_type": "tag", "name": "engine", "path": "/home/kavia/workspace/code-generation/recipe-explorer-219505-219515/recipe_backend/src/db.py", "pattern": "/^engine = create_engine($/", "language": "Python", "kind": "variable"}, {"_type": "tag", "name": "get_db_session", "path": "/home/kavia/workspace/code-generation/recipe-explorer-219505-219515/recipe_backend/src/db.py", "pattern": "/^def get_db_session():$/", "language": "Python", "kind": "function", "signature": "()"}], "hash": "60faca752f738bc667be025e19e3e9b3", "format-version": 4, "code-base-name": "recipe_backend", "filename": "recipe_backend/src/db.py", "fields": [{"name": "Base = declarative_base()", "scope": "", "scopeKind": "", "description": "unavailable"}, {"name": "DATABASE_URL = _build_database_url()", "scope": "", "scopeKind": "", "description": "unavailable"}, {"name": "SessionLocal = sessionmaker(autocommit=False, autoflush=False, bind=engine)", "scope": "", "scopeKind": "", "description": "unavailable"}, {"name": "engine = create_engine(", "scope": "", "scopeKind": "", "description": "unavailable"}], "revision_history": [{"11": ""}]}