{"is_source_file": true, "format": "Python", "description": "Initializer file for the recipe backend package, primarily used to facilitate module imports within the package.", "external_files": [], "external_methods": [], "published": [], "classes": [], "methods": [], "calls": [], "search-terms": ["__init__.py", "recipe_backend", "FastAPI", "module imports", "package initializer"], "state": 2, "file_id": 9, "knowledge_revision": 20, "git_revision": "", "ctags": [], "hash": "eef52ea18a270c27d376c78b27d38f99", "format-version": 4, "code-base-name": "recipe_backend", "filename": "recipe_backend/src/__init__.py", "revision_history": [{"20": ""}]}