{"is_source_file": true, "format": "Python", "description": "This source file contains a database seeding function that populates initial categories and recipes into the database if it is empty. It defines a helper function for formatting ingredients and uses SQLAlchemy ORM to create and insert data into the database.", "external_files": ["src/models.py"], "external_methods": ["sqlalchemy.select", "sqlalchemy.orm.Session.execute", "sqlalchemy.orm.Session.add_all", "sqlalchemy.orm.Session.flush", "sqlalchemy.orm.Session.commit"], "published": ["seed_if_empty"], "classes": [{"name": "Category", "description": "ORM model representing recipe categories."}, {"name": "Recipe", "description": "ORM model representing recipes."}], "methods": [{"name": "str _nl(items: list[str])", "description": "Helper function that joins list of ingredients into newline-delimited string.", "scope": "", "scopeKind": ""}, {"name": "None seed_if_empty(db: Session)", "description": "Main function that seeds initial categories and recipes into the database if it's empty.", "scope": "", "scopeKind": ""}], "calls": ["db.execute", "db.add_all", "db.flush", "db.commit"], "search-terms": ["seed_if_empty", "_nl", "Category", "Recipe", "initial seed", "database seeding"], "state": 2, "file_id": 8, "knowledge_revision": 17, "git_revision": "", "ctags": [{"_type": "tag", "name": "_nl", "path": "/home/kavia/workspace/code-generation/recipe-explorer-219505-219515/recipe_backend/src/seed.py", "pattern": "/^def _nl(items: list[str]) -> str:$/", "language": "Python", "typeref": "typename:str", "kind": "function", "signature": "(items: list[str])"}, {"_type": "tag", "name": "seed_if_empty", "path": "/home/kavia/workspace/code-generation/recipe-explorer-219505-219515/recipe_backend/src/seed.py", "pattern": "/^def seed_if_empty(db: Session) -> None:$/", "language": "Python", "typeref": "typename:None", "kind": "function", "signature": "(db: Session)"}], "hash": "ee43befaf83c680bcf36cef826ad8b99", "format-version": 4, "code-base-name": "recipe_backend", "filename": "recipe_backend/src/seed.py", "revision_history": [{"17": ""}]}