{"is_source_file": true, "format": "Python", "description": "This file defines database models for categories, recipes, and favorites using SQLAlchemy ORM in a Python project related to recipes.", "external_files": ["src/db.py"], "external_methods": [], "published": ["Category", "Recipe", "Favorite"], "classes": [{"name": "Category", "description": "Represents a recipe category with a one-to-many relationship to recipes."}, {"name": "Recipe", "description": "Represents a recipe with attributes like title, description, ingredients, instructions, and foreign key to category."}, {"name": "Favorite", "description": "Represents a user's favorite recipe link, including unique constraint on user_id and recipe_id."}], "methods": [{"name": "Category", "description": "Constructor autogenerated; class-level definition."}, {"name": "Recipe", "description": "Constructor autogenerated; class-level definition."}, {"name": "Favorite", "description": "Constructor autogenerated; class-level definition."}], "calls": ["relationship", "Column", "ForeignKey", "UniqueConstraint"], "search-terms": ["SQLAlchemy models", "Recipe category", "Favorites relationship", "recipe_backend.src.models", "category_id", "favorites"], "state": 2, "file_id": 6, "knowledge_revision": 13, "git_revision": "", "ctags": [{"_type": "tag", "name": "Category", "path": "/home/kavia/workspace/code-generation/recipe-explorer-219505-219515/recipe_backend/src/models.py", "pattern": "/^class Category(Base):$/", "language": "Python", "kind": "class"}, {"_type": "tag", "name": "Favorite", "path": "/home/kavia/workspace/code-generation/recipe-explorer-219505-219515/recipe_backend/src/models.py", "pattern": "/^class Favorite(Base):$/", "language": "Python", "kind": "class"}, {"_type": "tag", "name": "Recipe", "path": "/home/kavia/workspace/code-generation/recipe-explorer-219505-219515/recipe_backend/src/models.py", "pattern": "/^class Recipe(Base):$/", "language": "Python", "kind": "class"}, {"_type": "tag", "name": "__table_args__", "path": "/home/kavia/workspace/code-generation/recipe-explorer-219505-219515/recipe_backend/src/models.py", "pattern": "/^    __table_args__ = ($/", "file": true, "language": "Python", "kind": "variable", "scope": "Favorite", "scopeKind": "class"}, {"_type": "tag", "name": "__tablename__", "path": "/home/kavia/workspace/code-generation/recipe-explorer-219505-219515/recipe_backend/src/models.py", "pattern": "/^    __tablename__ = \"categories\"$/", "file": true, "language": "Python", "kind": "variable", "scope": "Category", "scopeKind": "class"}, {"_type": "tag", "name": "__tablename__", "path": "/home/kavia/workspace/code-generation/recipe-explorer-219505-219515/recipe_backend/src/models.py", "pattern": "/^    __tablename__ = \"favorites\"$/", "file": true, "language": "Python", "kind": "variable", "scope": "Favorite", "scopeKind": "class"}, {"_type": "tag", "name": "__tablename__", "path": "/home/kavia/workspace/code-generation/recipe-explorer-219505-219515/recipe_backend/src/models.py", "pattern": "/^    __tablename__ = \"recipes\"$/", "file": true, "language": "Python", "kind": "variable", "scope": "Recipe", "scopeKind": "class"}, {"_type": "tag", "name": "category", "path": "/home/kavia/workspace/code-generation/recipe-explorer-219505-219515/recipe_backend/src/models.py", "pattern": "/^    category = relationship(\"Category\", back_populates=\"recipes\")$/", "language": "Python", "kind": "variable", "scope": "Recipe", "scopeKind": "class"}, {"_type": "tag", "name": "category_id", "path": "/home/kavia/workspace/code-generation/recipe-explorer-219505-219515/recipe_backend/src/models.py", "pattern": "/^    category_id = Column(Integer, ForeignKey(\"categories.id\"), nullable=False, index=True)$/", "language": "Python", "kind": "variable", "scope": "Recipe", "scopeKind": "class"}, {"_type": "tag", "name": "description", "path": "/home/kavia/workspace/code-generation/recipe-explorer-219505-219515/recipe_backend/src/models.py", "pattern": "/^    description = Column(Text, nullable=False, default=\"\")$/", "language": "Python", "kind": "variable", "scope": "Recipe", "scopeKind": "class"}, {"_type": "tag", "name": "favorites", "path": "/home/kavia/workspace/code-generation/recipe-explorer-219505-219515/recipe_backend/src/models.py", "pattern": "/^    favorites = relationship(\"Favorite\", back_populates=\"recipe\", cascade=\"all,delete\")$/", "language": "Python", "kind": "variable", "scope": "Recipe", "scopeKind": "class"}, {"_type": "tag", "name": "id", "path": "/home/kavia/workspace/code-generation/recipe-explorer-219505-219515/recipe_backend/src/models.py", "pattern": "/^    id = Column(Integer, primary_key=True, index=True)$/", "language": "Python", "kind": "variable", "scope": "Category", "scopeKind": "class"}, {"_type": "tag", "name": "id", "path": "/home/kavia/workspace/code-generation/recipe-explorer-219505-219515/recipe_backend/src/models.py", "pattern": "/^    id = Column(Integer, primary_key=True, index=True)$/", "language": "Python", "kind": "variable", "scope": "Favorite", "scopeKind": "class"}, {"_type": "tag", "name": "id", "path": "/home/kavia/workspace/code-generation/recipe-explorer-219505-219515/recipe_backend/src/models.py", "pattern": "/^    id = Column(Integer, primary_key=True, index=True)$/", "language": "Python", "kind": "variable", "scope": "Recipe", "scopeKind": "class"}, {"_type": "tag", "name": "image_url", "path": "/home/kavia/workspace/code-generation/recipe-explorer-219505-219515/recipe_backend/src/models.py", "pattern": "/^    image_url = Column(Text, nullable=True)$/", "language": "Python", "kind": "variable", "scope": "Recipe", "scopeKind": "class"}, {"_type": "tag", "name": "ingredients", "path": "/home/kavia/workspace/code-generation/recipe-explorer-219505-219515/recipe_backend/src/models.py", "pattern": "/^    ingredients = Column(Text, nullable=False, default=\"\")$/", "language": "Python", "kind": "variable", "scope": "Recipe", "scopeKind": "class"}, {"_type": "tag", "name": "instructions", "path": "/home/kavia/workspace/code-generation/recipe-explorer-219505-219515/recipe_backend/src/models.py", "pattern": "/^    instructions = Column(Text, nullable=False, default=\"\")$/", "language": "Python", "kind": "variable", "scope": "Recipe", "scopeKind": "class"}, {"_type": "tag", "name": "name", "path": "/home/kavia/workspace/code-generation/recipe-explorer-219505-219515/recipe_backend/src/models.py", "pattern": "/^    name = Column(String(120), unique=True, nullable=False, index=True)$/", "language": "Python", "kind": "variable", "scope": "Category", "scopeKind": "class"}, {"_type": "tag", "name": "recipe", "path": "/home/kavia/workspace/code-generation/recipe-explorer-219505-219515/recipe_backend/src/models.py", "pattern": "/^    recipe = relationship(\"Recipe\", back_populates=\"favorites\")$/", "language": "Python", "kind": "variable", "scope": "Favorite", "scopeKind": "class"}, {"_type": "tag", "name": "recipe_id", "path": "/home/kavia/workspace/code-generation/recipe-explorer-219505-219515/recipe_backend/src/models.py", "pattern": "/^    recipe_id = Column(Integer, ForeignKey(\"recipes.id\"), nullable=False, index=True)$/", "language": "Python", "kind": "variable", "scope": "Favorite", "scopeKind": "class"}, {"_type": "tag", "name": "recipes", "path": "/home/kavia/workspace/code-generation/recipe-explorer-219505-219515/recipe_backend/src/models.py", "pattern": "/^    recipes = relationship(\"Recipe\", back_populates=\"category\", cascade=\"all,delete\")$/", "language": "Python", "kind": "variable", "scope": "Category", "scopeKind": "class"}, {"_type": "tag", "name": "title", "path": "/home/kavia/workspace/code-generation/recipe-explorer-219505-219515/recipe_backend/src/models.py", "pattern": "/^    title = Column(String(200), nullable=False, index=True)$/", "language": "Python", "kind": "variable", "scope": "Recipe", "scopeKind": "class"}, {"_type": "tag", "name": "user_id", "path": "/home/kavia/workspace/code-generation/recipe-explorer-219505-219515/recipe_backend/src/models.py", "pattern": "/^    user_id = Column(Integer, nullable=False, index=True)$/", "language": "Python", "kind": "variable", "scope": "Favorite", "scopeKind": "class"}], "hash": "61d9653fdca8a3b119a200743dc4638a", "format-version": 4, "code-base-name": "recipe_backend", "filename": "recipe_backend/src/models.py", "fields": [{"name": "__table_args__ = (", "scope": "Favorite", "scopeKind": "class", "description": "unavailable"}, {"name": "__tablename__ = \"categories\"", "scope": "Category", "scopeKind": "class", "description": "unavailable"}, {"name": "__tablename__ = \"favorites\"", "scope": "Favorite", "scopeKind": "class", "description": "unavailable"}, {"name": "__tablename__ = \"recipes\"", "scope": "Recipe", "scopeKind": "class", "description": "unavailable"}, {"name": "category = relationship(\"Category\", back_populates=\"recipes\")", "scope": "Recipe", "scopeKind": "class", "description": "unavailable"}, {"name": "category_id = Column(Integer, ForeignKey(\"categories.id\"), nullable=False, index=True)", "scope": "Recipe", "scopeKind": "class", "description": "unavailable"}, {"name": "description = Column(Text, nullable=False, default=\"\")", "scope": "Recipe", "scopeKind": "class", "description": "unavailable"}, {"name": "favorites = relationship(\"Favorite\", back_populates=\"recipe\", cascade=\"all,delete\")", "scope": "Recipe", "scopeKind": "class", "description": "unavailable"}, {"name": "id = Column(Integer, primary_key=True, index=True)", "scope": "Category", "scopeKind": "class", "description": "unavailable"}, {"name": "image_url = Column(Text, nullable=True)", "scope": "Recipe", "scopeKind": "class", "description": "unavailable"}, {"name": "ingredients = Column(Text, nullable=False, default=\"\")", "scope": "Recipe", "scopeKind": "class", "description": "unavailable"}, {"name": "instructions = Column(Text, nullable=False, default=\"\")", "scope": "Recipe", "scopeKind": "class", "description": "unavailable"}, {"name": "name = Column(String(120), unique=True, nullable=False, index=True)", "scope": "Category", "scopeKind": "class", "description": "unavailable"}, {"name": "recipe = relationship(\"Recipe\", back_populates=\"favorites\")", "scope": "Favorite", "scopeKind": "class", "description": "unavailable"}, {"name": "recipe_id = Column(Integer, ForeignKey(\"recipes.id\"), nullable=False, index=True)", "scope": "Favorite", "scopeKind": "class", "description": "unavailable"}, {"name": "recipes = relationship(\"Recipe\", back_populates=\"category\", cascade=\"all,delete\")", "scope": "Category", "scopeKind": "class", "description": "unavailable"}, {"name": "title = Column(String(200), nullable=False, index=True)", "scope": "Recipe", "scopeKind": "class", "description": "unavailable"}, {"name": "user_id = Column(Integer, nullable=False, index=True)", "scope": "Favorite", "scopeKind": "class", "description": "unavailable"}], "revision_history": [{"13": ""}]}